EmployeeID,Name,Age,Gender,Department,Salary,Experience,City
1002,Employee_2,44,Male,Marketing,20239,13,Chennai
1003,Employee_3,41,Male,Marketing,32314,25,Mumbai
1004,Employee_4,39,Female,Finance,34443,7,Mumbai
1005,Employee_5,60,Female,Finance,91270,25,Chennai
1006,Employee_6,59,Male,Sales,97290,34,Chennai
1007,Employee_7,51,Female,Marketing,30612,21,Chennai
1008,Employee_8,46,Female,IT,77859,11,Pune
1009,Employee_9,48,Male,IT,46701,12,Chennai
1010,Employee_10,39,Female,Finance,94161,12,Chennai
1011,Employee_11,20,Male,IT,30578,32,Bangalore
1012,Employee_12,46,Female,Finance,64241,15,Bangalore
1013,Employee_13,29,Male,Sales,22037,30,Bangalore
1014,Employee_14,46,Male,Sales,76296,22,Delhi
1015,Employee_15,32,Male,IT,52783,14,Pune
1016,Employee_16,48,Female,Sales,35174,19,Bangalore
1017,Employee_17,42,Male,Sales,99202,22,Bangalore
1018,Employee_18,60,Male,HR,68617,31,Pune
1019,Employee_19,53,Female,HR,67029,34,Chennai
1020,Employee_20,55,Female,IT,33271,21,Mumbai
1021,Employee_21,41,Female,Marketing,42180,28,Mumbai
1022,Employee_22,34,Female,IT,21794,30,Chennai
1023,Employee_23,47,Female,IT,35168,22,Chennai
1024,Employee_24,24,Male,HR,88603,35,Mumbai
1025,Employee_25,58,Female,Finance,61413,3,Delhi
1026,Employee_26,59,Female,IT,68543,11,Mumbai
1027,Employee_27,27,Male,IT,62785,34,Chennai
1028,Employee_28,41,Male,IT,58812,15,Delhi
1029,Employee_29,23,Male,Finance,31877,3,Mumbai
1030,Employee_30,55,Male,Sales,95633,11,Chennai
1031,Employee_31,22,Male,Marketing,71480,5,Chennai
1032,Employee_32,59,Female,Finance,57434,6,Mumbai
1033,Employee_33,33,Female,IT,24454,22,Mumbai
1034,Employee_34,51,Male,HR,27206,9,Mumbai
1035,Employee_35,43,Female,Marketing,89040,26,Chennai
1036,Employee_36,25,Female,Marketing,25437,1,Pune
1037,Employee_37,34,Male,IT,66444,18,Pune
1038,Employee_38,27,Male,IT,86248,15,Bangalore
1039,Employee_39,27,Male,HR,86069,16,Pune
1040,Employee_40,22,Female,HR,23578,15,Bangalore
1041,Employee_41,42,Male,Finance,83116,0,Pune
1042,Employee_42,23,Female,Sales,40123,18,Chennai
1043,Employee_43,50,Female,Marketing,66745,30,Chennai
1044,Employee_44,23,Female,Marketing,98387,33,Bangalore
1045,Employee_45,41,Male,IT,26016,23,Mumbai
1046,Employee_46,51,Female,Finance,36819,21,Delhi
1047,Employee_47,32,Female,Marketing,76045,6,Delhi
1048,Employee_48,25,Male,Finance,94082,31,Chennai
1049,Employee_49,51,Male,Marketing,89789,27,Bangalore
1050,Employee_50,44,Female,Finance,94743,4,Bangalore
1051,Employee_51,22,Female,HR,88573,10,Mumbai
1052,Employee_52,24,Female,Sales,77468,29,Mumbai
1053,Employee_53,50,Female,IT,26187,23,Chennai
1054,Employee_54,57,Male,HR,35961,18,Chennai
1055,Employee_55,29,Female,IT,27137,32,Chennai
1056,Employee_56,37,Male,HR,64798,12,Mumbai
1057,Employee_57,45,Female,Finance,55371,34,Bangalore
1058,Employee_58,45,Female,Sales,67770,13,Pune
1059,Employee_59,28,Female,IT,64586,19,Mumbai
1060,Employee_60,38,Male,Marketing,46535,0,Bangalore
1061,Employee_61,30,Female,Marketing,95829,22,Delhi
1062,Employee_62,28,Male,HR,78981,25,Bangalore
1063,Employee_63,37,Male,Sales,69308,15,Delhi
1064,Employee_64,28,Male,Marketing,69719,7,Delhi
1065,Employee_65,36,Female,Marketing,32475,12,Pune
1066,Employee_66,21,Male,Sales,97205,16,Delhi
1067,Employee_67,30,Male,IT,93678,10,Bangalore
1068,Employee_68,57,Male,Marketing,93298,11,Delhi
1069,Employee_69,22,Female,Finance,47974,26,Chennai
1070,Employee_70,41,Male,Sales,42770,32,Pune
1071,Employee_71,32,Male,Sales,85261,7,Pune
1072,Employee_72,36,Male,IT,34249,12,Bangalore
1073,Employee_73,48,Male,Marketing,44807,9,Bangalore
1074,Employee_74,33,Female,Sales,59474,13,Mumbai
1075,Employee_75,34,Female,Sales,53882,10,Chennai
1076,Employee_76,52,Male,IT,27090,31,Bangalore
1077,Employee_77,38,Female,Finance,54155,12,Pune
1078,Employee_78,45,Female,Finance,58735,3,Mumbai
1079,Employee_79,52,Female,Sales,77924,4,Mumbai
1080,Employee_80,29,Female,HR,61313,1,Mumbai
1081,Employee_81,52,Male,HR,41321,18,Mumbai
1082,Employee_82,49,Male,IT,96765,12,Chennai
1083,Employee_83,29,Male,HR,85459,29,Mumbai
1084,Employee_84,46,Male,IT,48495,0,Bangalore
1085,Employee_85,53,Male,Marketing,89051,31,Chennai
1086,Employee_86,39,Female,Finance,63589,8,Pune
1087,Employee_87,24,Female,HR,42044,12,Bangalore
1088,Employee_88,47,Male,IT,56194,1,Pune
1089,Employee_89,59,Male,Marketing,99707,34,Chennai
1090,Employee_90,45,Female,IT,69847,8,Mumbai
1091,Employee_91,28,Male,Sales,50188,4,Delhi
1092,Employee_92,24,Male,Finance,24125,9,Bangalore
1093,Employee_93,55,Female,Sales,60594,18,Pune
1094,Employee_94,49,Female,IT,88364,34,Pune
1095,Employee_95,42,Male,Sales,76276,12,Chennai
1096,Employee_96,21,Male,Marketing,61469,25,Chennai
1097,Employee_97,21,Male,Sales,34551,21,Chennai
1098,Employee_98,60,Male,Finance,75336,5,Chennai
1099,Employee_99,34,Female,Marketing,43521,4,Bangalore
1100,Employee_100,49,Male,Finance,60418,22,Delhi
1101,Employee_101,34,Female,Finance,47302,31,Chennai
1102,Employee_102,52,Male,Finance,61629,23,Delhi
1103,Employee_103,40,Male,Sales,86873,30,Bangalore
1104,Employee_104,20,Female,IT,77301,33,Mumbai
1105,Employee_105,41,Male,IT,35050,15,Mumbai
1106,Employee_106,21,Female,Sales,89923,15,Mumbai
1107,Employee_107,23,Male,IT,94995,14,Pune
1108,Employee_108,50,Female,Sales,38675,29,Pune
1109,Employee_109,21,Female,Marketing,75923,15,Bangalore
1110,Employee_110,47,Female,Finance,61673,21,Mumbai
1111,Employee_111,50,Female,HR,83337,17,Bangalore
1112,Employee_112,23,Male,HR,24811,19,Mumbai
1113,Employee_113,42,Male,HR,72128,4,Chennai
1114,Employee_114,32,Male,HR,25227,30,Bangalore
1115,Employee_115,51,Male,HR,41373,16,Bangalore
1116,Employee_116,36,Female,Marketing,91671,34,Mumbai
1117,Employee_117,42,Male,Finance,90229,29,Mumbai
1118,Employee_118,54,Female,IT,50577,18,Delhi
1119,Employee_119,24,Male,Finance,75455,18,Delhi
1120,Employee_120,38,Male,HR,77349,15,Bangalore
1121,Employee_121,24,Male,IT,83146,27,Pune
1122,Employee_122,56,Female,Marketing,50937,19,Pune
1123,Employee_123,21,Male,Finance,39486,19,Delhi
1124,Employee_124,46,Male,Finance,35381,9,Bangalore
1125,Employee_125,33,Male,HR,35228,19,Pune
1126,Employee_126,40,Male,Finance,88327,31,Pune
1127,Employee_127,41,Female,Sales,85864,3,Bangalore
1128,Employee_128,54,Male,Finance,86848,16,Bangalore
1129,Employee_129,22,Male,Sales,80031,19,Bangalore
1130,Employee_130,38,Female,IT,91167,30,Bangalore
1131,Employee_131,28,Female,IT,22390,31,Chennai
1132,Employee_132,53,Male,HR,65423,9,Pune
1133,Employee_133,21,Male,Finance,33202,12,Mumbai
1134,Employee_134,31,Female,Sales,70456,30,Pune
1135,Employee_135,27,Male,Marketing,78783,4,Chennai
1136,Employee_136,35,Female,Sales,69853,29,Mumbai
1137,Employee_137,21,Female,Finance,53588,34,Mumbai
1138,Employee_138,26,Female,Finance,83563,21,Delhi
1139,Employee_139,22,Female,Sales,73669,13,Chennai
1140,Employee_140,53,Female,HR,88081,9,Mumbai
1141,Employee_141,39,Female,Sales,45028,23,Bangalore
1142,Employee_142,36,Male,Sales,24986,27,Chennai
1143,Employee_143,23,Female,Sales,77398,14,Delhi
1144,Employee_144,51,Female,HR,33910,9,Chennai
1145,Employee_145,51,Female,HR,56083,6,Mumbai
1146,Employee_146,45,Female,Finance,68731,7,Bangalore
1147,Employee_147,31,Male,Finance,21212,12,Chennai
1148,Employee_148,56,Female,IT,89707,26,Chennai
1149,Employee_149,20,Female,Marketing,40146,15,Pune
1150,Employee_150,54,Male,Sales,31790,13,Delhi
1151,Employee_151,53,Female,Marketing,29573,3,Bangalore
1152,Employee_152,53,Male,HR,37986,5,Delhi
1153,Employee_153,46,Female,Finance,51230,10,Pune
1154,Employee_154,36,Female,HR,77748,24,Mumbai
1155,Employee_155,23,Female,HR,58700,26,Delhi
1156,Employee_156,27,Female,IT,99762,2,Bangalore
1157,Employee_157,31,Male,Finance,36360,6,Delhi
1158,Employee_158,29,Female,Finance,68068,3,Delhi
1159,Employee_159,42,Female,Marketing,68447,11,Pune
1160,Employee_160,55,Male,IT,80180,13,Mumbai
1161,Employee_161,53,Female,Sales,80735,27,Bangalore
1162,Employee_162,54,Male,Marketing,21057,9,Mumbai
1163,Employee_163,40,Male,Marketing,46242,25,Chennai
1164,Employee_164,28,Male,IT,78155,20,Delhi
1165,Employee_165,59,Female,Marketing,92407,18,Mumbai
1166,Employee_166,42,Male,Finance,62325,35,Mumbai
1167,Employee_167,26,Female,Marketing,48876,4,Mumbai
1168,Employee_168,49,Female,IT,38849,18,Chennai
1169,Employee_169,20,Male,HR,53307,33,Delhi
1170,Employee_170,45,Male,Finance,66128,7,Delhi
1171,Employee_171,39,Female,Finance,74382,29,Bangalore
1172,Employee_172,56,Male,Marketing,68029,33,Delhi
1173,Employee_173,57,Female,Sales,54733,6,Pune
1174,Employee_174,27,Female,Finance,84765,8,Pune
1175,Employee_175,41,Male,Finance,77186,6,Bangalore
1176,Employee_176,20,Male,Finance,28528,4,Bangalore
1177,Employee_177,20,Female,Finance,99103,19,Delhi
1178,Employee_178,37,Male,HR,70274,15,Delhi
1179,Employee_179,23,Female,Finance,98873,33,Chennai
1180,Employee_180,36,Male,IT,99938,22,Bangalore
1181,Employee_181,60,Female,Marketing,51774,2,Mumbai
1182,Employee_182,26,Female,Marketing,69132,0,Bangalore
1183,Employee_183,31,Female,Marketing,43956,5,Mumbai
1184,Employee_184,58,Female,IT,56951,10,Bangalore
1185,Employee_185,50,Male,HR,26001,18,Delhi
1186,Employee_186,53,Male,HR,95976,34,Pune
1187,Employee_187,60,Female,HR,35242,24,Chennai
1188,Employee_188,46,Female,HR,36757,13,Chennai
1189,Employee_189,58,Female,Finance,69361,34,Mumbai
1190,Employee_190,32,Female,Finance,66592,35,Pune
1191,Employee_191,27,Male,IT,82594,28,Bangalore
1192,Employee_192,31,Female,Finance,65887,21,Pune
1193,Employee_193,53,Male,Marketing,46851,20,Delhi
1194,Employee_194,30,Male,IT,96829,30,Mumbai
1195,Employee_195,33,Female,Finance,31421,26,Pune
1196,Employee_196,23,Female,Finance,67727,9,Bangalore
1197,Employee_197,55,Male,HR,67059,2,Bangalore
1198,Employee_198,53,Female,IT,84559,3,Bangalore
1199,Employee_199,41,Female,Marketing,44270,29,Delhi
1200,Employee_200,22,Female,Finance,30169,2,Pune
1201,Employee_201,34,Female,Finance,27987,15,Chennai
1202,Employee_202,58,Male,IT,43717,13,Chennai
1203,Employee_203,28,Female,Sales,24580,20,Bangalore
1204,Employee_204,52,Male,Marketing,82760,3,Bangalore
1205,Employee_205,46,Female,Marketing,45872,15,Delhi
1206,Employee_206,51,Male,Marketing,84247,8,Bangalore
1207,Employee_207,52,Male,HR,41635,18,Delhi
1208,Employee_208,31,Female,HR,85401,29,Delhi
1209,Employee_209,34,Female,Finance,33284,28,Mumbai
1210,Employee_210,27,Male,Sales,89715,13,Bangalore
1211,Employee_211,42,Male,Sales,65291,34,Delhi
1212,Employee_212,30,Male,HR,39546,3,Bangalore
1213,Employee_213,45,Male,IT,25013,10,Chennai
1214,Employee_214,22,Male,Finance,64883,10,Chennai
1215,Employee_215,48,Male,Marketing,75230,21,Mumbai
1216,Employee_216,35,Male,HR,52656,16,Bangalore
1217,Employee_217,24,Male,HR,48346,10,Bangalore
1218,Employee_218,38,Male,Finance,80991,11,Delhi
1219,Employee_219,49,Male,Sales,80282,15,Delhi
1220,Employee_220,43,Female,Sales,98382,4,Delhi
1221,Employee_221,49,Male,HR,62133,27,Delhi
1222,Employee_222,40,Male,Marketing,93031,33,Mumbai
1223,Employee_223,38,Male,Finance,51416,26,Mumbai
1224,Employee_224,58,Male,Sales,37894,8,Pune
1225,Employee_225,57,Male,IT,56370,24,Delhi
1226,Employee_226,37,Male,IT,89834,25,Mumbai
1227,Employee_227,35,Female,IT,97013,33,Pune
1228,Employee_228,28,Female,HR,55702,3,Mumbai
1229,Employee_229,44,Female,HR,43073,10,Delhi
1230,Employee_230,37,Female,Finance,67185,29,Bangalore
